frame,voiceover_exact,core_visual_claim,required_visible_elements,forbidden_generic_substitutes,image_prompt,historical_source
001,في مدينة البندقية، في القرن السادس عشر... اختفت هذه الطبعة بأكملها تقريباً من التاريخ.,The impossible-sounding mystery: a full printed Qur'an edition vanished from history for centuries.,"a printed Arabic book on a Renaissance printing shop table, half in light half fading into darkness/mist, Venice skyline with campanili faintly visible through a window",generic worried man; generic Venice postcard shot with no book,"Wide cinematic shot inside a dim 16th-century Venetian print shop at dusk: on the central table lies a bound Arabic printed book, its right half lit warmly by a candle, its left half dissolving into swirling dark mist as if fading out of existence; through a small window behind, the silhouette of Venice's canals and bell towers at dusk. original 2D historical documentary illustration, painterly digital art, restrained muted color palette (ochre, sepia, deep venetian red, aged parchment, dusk blue), cinematic directional lighting, strong focal hierarchy, readable objects, historically plausible 16th-century Venice / Renaissance printing-house detail, not photorealistic, not 3D, no legible readable Arabic paragraph text (stylized Arabic-looking print/calligraphy only, no captions, no labels), 16:9",History of Information; Wikipedia Paganino Paganini
002,تحولت مدينة البندقية إلى أكبر مركز طباعة في أوروبا كلها.,Venice as Europe's dominant printing capital: scale and density of the printing industry.,"a wide interior view of many active Renaissance printing presses working simultaneously in one large hall, stacks of finished books, workers at different stations",single generic printer at one press; generic old city street with no presses,"Wide interior view of a large Venetian printing hall, sixteenth century: half a dozen wooden screw presses being operated in parallel by different workers, tall stacks of finished bound books along the walls, trays of metal type, sunlight through high windows illuminating dust and ink fumes. original 2D historical documentary illustration, painterly digital art, restrained muted color palette (ochre, sepia, deep venetian red, aged parchment, dusk blue), cinematic directional lighting, strong focal hierarchy, readable objects, historically plausible 16th-century Venice / Renaissance printing-house detail, not photorealistic, not 3D, no legible readable Arabic paragraph text (stylized Arabic-looking print/calligraphy only, no captions, no labels), 16:9","Yale University Library exhibition, Printing History in the Arabic-Speaking World; general Venice printing history"
003,البندقية... جمهورية تجارية، ترتبط بعلاقات تجارية وثيقة مع الدولة العثمانية... السفن البندقية كانت ترسو في موانئ إسطنبول والإسكندرية,Venice's commercial ties to the Ottoman world via maritime trade — the market context for the idea.,"Venetian merchant galley ships at a Mediterranean harbor with a mix of European and Ottoman-style port architecture, cargo of crates/bales being loaded, a map or globe suggesting trade routes",generic mosque; generic crowd scene,"Wide harbor scene at a Venetian trading dock: a merchant galley being loaded with crates and bales under Venetian flags, in the background domes and minarets suggesting an Ottoman port skyline across the water, a large nautical chart with a Venice-to-Istanbul trade route drawn on it in the foreground. original 2D historical documentary illustration, painterly digital art, restrained muted color palette (ochre, sepia, deep venetian red, aged parchment, dusk blue), cinematic directional lighting, strong focal hierarchy, readable objects, historically plausible 16th-century Venice / Renaissance printing-house detail, not photorealistic, not 3D, no legible readable Arabic paragraph text (stylized Arabic-looking print/calligraphy only, no captions, no labels), 16:9",General Venice-Ottoman trade history
004,هنا يظهر اسم الطابع بَاغانينو باغانيني... اشتهر بطباعة أعمال علمية دقيقة، من بينها كتب الرياضي الشهير لوكا باتشولي. بالاشتراك مع ابنه أليساندرو باغانيني، قرر باغانيني مشروعاً غير مسبوق,"Introduce Paganino and Alessandro Paganini as real historical printers, established through their known prior scientific/mathematical printing work.","an older master printer (Paganino) and a younger printer (Alessandro) standing together at a composing table, an open mathematical/geometric book (Pacioli-style diagrams) visible nearby as evidence of their prior work, a folded plan/sketch for the new Qur'an project on the table",unnamed generic printer; no evidence of prior body of work,"Portrait-composition shot inside a Venetian print shop: an older bearded master printer and a younger printer stand at a composing table examining a folded sheet of plans together; on the table beside them an open book showing geometric diagrams in the style of Pacioli's mathematical works, signaling their established reputation before this new project. original 2D historical documentary illustration, painterly digital art, restrained muted color palette (ochre, sepia, deep venetian red, aged parchment, dusk blue), cinematic directional lighting, strong focal hierarchy, readable objects, historically plausible 16th-century Venice / Renaissance printing-house detail, not photorealistic, not 3D, no legible readable Arabic paragraph text (stylized Arabic-looking print/calligraphy only, no captions, no labels), 16:9",Wikipedia Paganino Paganini; History of Information
005,لم يكن هذا مجرد كتاب آخر... كان مقامرة تقنية وتجارية... فالخط العربي... لم يكن يشبه إطلاقاً الأبجدية اللاتينية,The core technical contrast: Arabic connected script versus the Latin alphabet the press was built for.,side-by-side visual contrast on one worktable: a tray of separate Latin metal type blocks next to an open Arabic manuscript showing flowing connected calligraphy,generic worried printer alone with no comparison object,"Close worktable shot: on the left, a wooden type-case tray filled with separate rectangular Latin metal letter blocks laid in neat rows; on the right, an open handwritten Arabic manuscript page showing flowing connected calligraphy; a printer's hand rests between the two, visibly comparing them, an oil lamp casting hard directional light across the contrast. original 2D historical documentary illustration, painterly digital art, restrained muted color palette (ochre, sepia, deep venetian red, aged parchment, dusk blue), cinematic directional lighting, strong focal hierarchy, readable objects, historically plausible 16th-century Venice / Renaissance printing-house detail, not photorealistic, not 3D, no legible readable Arabic paragraph text (stylized Arabic-looking print/calligraphy only, no captions, no labels), 16:9","American Printing History Association, Challenges of Early Arabic Letterpress Printing"
006,في العربية، فالحرف الواحد قد يأخذ حتى أربعة أشكال مختلفة... يجب أن تتصل ببعضها بصرياً وكأنها خط يد واحد متدفق,The specific technical mechanism: one Arabic letter has up to four positional forms that must visually connect.,"a diagram-like arrangement of one Arabic letter shown in four different positional forms as individual small cast-metal type pieces, laid out in a row for comparison, a printer's hand pointing",vague Arabic-looking scribbles; no clear multiple-form comparison,"Extreme close-up on a printer's workbench: four small individual cast-metal Arabic type pieces are laid in a row, each showing a visibly different shape of the same connecting letter (isolated, initial, medial, final form), a printer's hand with an engraving tool pointing between them, a reference handwritten Arabic line curling above for comparison. original 2D historical documentary illustration, painterly digital art, restrained muted color palette (ochre, sepia, deep venetian red, aged parchment, dusk blue), cinematic directional lighting, strong focal hierarchy, readable objects, historically plausible 16th-century Venice / Renaissance printing-house detail, not photorealistic, not 3D, no legible readable Arabic paragraph text (stylized Arabic-looking print/calligraphy only, no captions, no labels), 16:9",American Printing History Association; Yale Library exhibition on Arabic printing
007,كان على صانعي الحروف أن يصمموا مئات القوالب المعدنية المختلفة... أي خطأ بسيط في المحاذاة، وتتكسر انسيابية الخط العربي أمام عين القارئ,The visible technical failure mode: misaligned metal type breaking the flowing look of Arabic on a printed proof sheet.,"a printed Arabic proof sheet on the press showing visibly broken/disconnected letterforms in places, next to hundreds of small Arabic type pieces in a type case, a printer frowning at the flawed sheet",printer looking generically worried with no visible flawed text; unrelated blank page,"Close shot on a proof sheet fresh off the press: printed Arabic-style text where several letters visibly fail to connect smoothly, gaps and misaligned baselines breaking the flowing line; beside the sheet, an open wooden type case packed with hundreds of tiny distinct Arabic metal type pieces; the printer's finger traces the broken join with a troubled expression. original 2D historical documentary illustration, painterly digital art, restrained muted color palette (ochre, sepia, deep venetian red, aged parchment, dusk blue), cinematic directional lighting, strong focal hierarchy, readable objects, historically plausible 16th-century Venice / Renaissance printing-house detail, not photorealistic, not 3D, no legible readable Arabic paragraph text (stylized Arabic-looking print/calligraphy only, no captions, no labels), 16:9","American Printing History Association, Challenges of Early Arabic Letterpress Printing"
008,دقة كل كلمة وكل حركة إعرابية في القرآن ليست تفصيلاً شكلياً، بل جوهر النص ذاته. طابع يعمل بلغة ليست لغته الأم، يخاطر بارتكاب أخطاء,"The stakes: textual precision is the essence of the Qur'an, and a non-native printer risks disqualifying errors.","a printer's hand carefully placing a tiny diacritical mark type-piece above a line of Arabic type, magnifying lens nearby, an open reference Qur'an manuscript for comparison",generic religious iconography; unrelated mosque exterior,"Intense close-up: a printer's hand uses tweezers to place one tiny diacritical-mark type piece precisely above a line of set Arabic type, a magnifying lens resting beside the press for this exact task, an open handwritten reference Qur'an manuscript propped up alongside for comparison, candlelight emphasizing the tension of the moment. original 2D historical documentary illustration, painterly digital art, restrained muted color palette (ochre, sepia, deep venetian red, aged parchment, dusk blue), cinematic directional lighting, strong focal hierarchy, readable objects, historically plausible 16th-century Venice / Renaissance printing-house detail, not photorealistic, not 3D, no legible readable Arabic paragraph text (stylized Arabic-looking print/calligraphy only, no captions, no labels), 16:9",General scholarship on Qur'anic textual precision; History of Information on the surviving copy's errors
009,وفقاً للسجلات الببليوغرافية... طُبعت هذه النسخة... بين صيف عام 1537 وصيف عام 1538. لأول مرة في التاريخ، خرج من مطبعة أوروبية قرآن كامل بالعربية,"The completed edition: the first complete Arabic Qur'an printed in Europe with movable type, with the dated colophon.","the Paganini Qur'an as a specific recurring object: a modest quarto-sized Renaissance-bound book, worn brown leather binding, visible sewn spine, dense justified columns of Arabic-looking printed type (not handwriting) with generous margins in the Venetian printing style, held up freshly bound in the print shop, a printed colophon page open showing a date-like inscription, stacks of identical finished copies behind",unrelated abstract calendar graphic; generic stack of blank books,"Triumphant medium shot inside the print shop: the Paganini Qur'an as a specific recurring object: a modest quarto-sized Renaissance-bound book, worn brown leather binding, visible sewn spine, dense justified columns of Arabic-looking printed type (not handwriting) with generous margins in the Venetian printing style, held open by Alessandro Paganini to its final printed colophon page bearing a dated inscription in Arabic-style type; behind him, a neat stack of several identical finished bound copies on a shelf, warm evening light. original 2D historical documentary illustration, painterly digital art, restrained muted color palette (ochre, sepia, deep venetian red, aged parchment, dusk blue), cinematic directional lighting, strong focal hierarchy, readable objects, historically plausible 16th-century Venice / Renaissance printing-house detail, not photorealistic, not 3D, no legible readable Arabic paragraph text (stylized Arabic-looking print/calligraphy only, no captions, no labels), 16:9",History of Information; Wikipedia Paganino Paganini; Madain Project
010,حين فحص الباحثون لاحقاً النسخة الوحيدة... النص مليء بالأخطاء... يصعب العثور على صفحة واحدة سليمة تماماً,Forward-looking scholarly finding: the surviving copy is riddled with errors on nearly every page.,"a modern scholar's hands examining an open page of the Paganini Qur'an as a specific recurring object: a modest quarto-sized Renaissance-bound book, worn brown leather binding, visible sewn spine, dense justified columns of Arabic-looking printed type (not handwriting) with generous margins in the Venetian printing style under a desk lamp, many small red pencil annotation marks/circles indicating errors scattered across the visible printed page",clean unmarked page; generic old book close-up with no error markings,"Close overhead shot of a scholar's hands examining an open page of the Paganini Qur'an as a specific recurring object: a modest quarto-sized Renaissance-bound book, worn brown leather binding, visible sewn spine, dense justified columns of Arabic-looking printed type (not handwriting) with generous margins in the Venetian printing style under a desk lamp with a magnifying glass; faint circular annotation marks in red pencil dot the page wherever printing errors appear, clustered densely across nearly the whole visible page. original 2D historical documentary illustration, painterly digital art, restrained muted color palette (ochre, sepia, deep venetian red, aged parchment, dusk blue), cinematic directional lighting, strong focal hierarchy, readable objects, historically plausible 16th-century Venice / Renaissance printing-house detail, not photorealistic, not 3D, no legible readable Arabic paragraph text (stylized Arabic-looking print/calligraphy only, no captions, no labels), 16:9","History of Information, summarizing Angela Nuovo's philological findings"
011,في نص يُفترض أن يُتلى حرفياً بلا أي انحراف، فإن هذا المستوى من الأخطاء... كان، على الأرجح، سبباً كافياً لرفض الكتاب رفضاً تاماً,Consequence: this error level likely meant outright rejection by the intended Muslim/Ottoman readership.,"an Ottoman-dressed merchant or scholar figure in Istanbul examining the Paganini Qur'an as a specific recurring object: a modest quarto-sized Renaissance-bound book, worn brown leather binding, visible sewn spine, dense justified columns of Arabic-looking printed type (not handwriting) with generous margins in the Venetian printing style, visibly setting it aside/pushing it away with a disapproving expression, other correctly handwritten Qur'an manuscripts nearby for contrast",generic anonymous crowd rejecting an unclear object; angry mob imagery,"Interior of an Istanbul bookseller's stall: a well-dressed Ottoman scholar holds open the Paganini Qur'an as a specific recurring object: a modest quarto-sized Renaissance-bound book, worn brown leather binding, visible sewn spine, dense justified columns of Arabic-looking printed type (not handwriting) with generous margins in the Venetian printing style, his brow furrowed, one hand pushing it back across the counter toward the seller in clear rejection; on a nearby shelf sit elegant handwritten Qur'an manuscripts with pristine calligraphy, visually contrasting quality. original 2D historical documentary illustration, painterly digital art, restrained muted color palette (ochre, sepia, deep venetian red, aged parchment, dusk blue), cinematic directional lighting, strong focal hierarchy, readable objects, historically plausible 16th-century Venice / Renaissance printing-house detail, not photorealistic, not 3D, no legible readable Arabic paragraph text (stylized Arabic-looking print/calligraphy only, no captions, no labels), 16:9",Scholarly inference on likely commercial failure due to errors; sources note 'probably intended for Ottoman market'
012,بدأت الطبعة بأكملها تختفي من التاريخ. لم تعد تظهر في أسواق الكتب. لم تعد تُذكر إلا كخبر متناقل,The edition begins vanishing from the historical/commercial record entirely.,"empty market bookstall shelves where copies of the Paganini Qur'an as a specific recurring object: a modest quarto-sized Renaissance-bound book, worn brown leather binding, visible sewn spine, dense justified columns of Arabic-looking printed type (not handwriting) with generous margins in the Venetian printing style would have been, a dated ledger/inventory book open nearby with an entry for the Qur'an edition crossed out or unaccounted, dust settling",generic empty room; unrelated ruins,"A Venetian bookseller's now-empty shelf section, a faint dust outline where stacked copies once stood; on the counter an open dated inventory ledger shows a handwritten entry naming the Arabic Qur'an edition with no sales recorded beside it, cobwebs beginning to form, muted twilight color. original 2D historical documentary illustration, painterly digital art, restrained muted color palette (ochre, sepia, deep venetian red, aged parchment, dusk blue), cinematic directional lighting, strong focal hierarchy, readable objects, historically plausible 16th-century Venice / Renaissance printing-house detail, not photorealistic, not 3D, no legible readable Arabic paragraph text (stylized Arabic-looking print/calligraphy only, no captions, no labels), 16:9",History of Information; general pattern of the edition's disappearance from bibliographic/commercial record
013,كيف يختفي كتاب مطبوع... من الوجود؟ هنا بالضبط تبدأ الروايات المتضاربة. يجب أن نكون دقيقين جداً في التفريق بين ما هو موثق، وما هو استنتاج علمي، وما هو مجرد أسطورة متأخرة,Transition to competing explanations — a visual framing of documented fact vs inference vs legend as distinct paths.,"a symbolic branching-paths composition: one solid stone path labeled visually by a document/scroll, one dimmer path with a question mark shape, one shadowy path with flame/fire silhouette, all diverging from a single book at the center",literal text labels or captions inside the image; generic crossroads with no book at center,"Symbolic wide composition at dusk: the Paganini Qur'an as a specific recurring object: a modest quarto-sized Renaissance-bound book, worn brown leather binding, visible sewn spine, dense justified columns of Arabic-looking printed type (not handwriting) with generous margins in the Venetian printing style rests at the center on a stone pedestal, from which three physical paths diverge into darkness — one paved and lit by a hanging scroll/document lantern, one foggy and uncertain, one flickering with distant firelight — visually representing documented fact, uncertain inference, and legend without any text. original 2D historical documentary illustration, painterly digital art, restrained muted color palette (ochre, sepia, deep venetian red, aged parchment, dusk blue), cinematic directional lighting, strong focal hierarchy, readable objects, historically plausible 16th-century Venice / Renaissance printing-house detail, not photorealistic, not 3D, no legible readable Arabic paragraph text (stylized Arabic-looking print/calligraphy only, no captions, no labels), 16:9","Editorial framing device for fact/inference/legend distinction, per project brief"
014,إحدى أشهر الروايات... تقول إن البابا أمر بإحراق الطبعة بأكملها فور علمه بها... الباحثون... يعاملون هذه الرواية بحذر شديد: فهي ليست مدعومة بوثيقة رسمية واحدة,"The papal-burning legend, visually presented as a dramatic but unverified story — a painting/tale, not a documented event.","a dramatic bonfire scene of books being burned in a piazza rendered with a visible stylistic frame or vignette suggesting it is a told story/legend, not documentary footage; a torn or absent official document nearby",photorealistic depiction presented as straightforward fact; no visual cue that this is legend,"A dramatic Venetian piazza bonfire scene of books burning at night, rendered with a soft painted vignette border and slightly desaturated, storybook-illustration quality to signal this is a told legend rather than documented history; in the foreground, a blank unsigned parchment with no papal seal lies conspicuously empty on the ground. original 2D historical documentary illustration, painterly digital art, restrained muted color palette (ochre, sepia, deep venetian red, aged parchment, dusk blue), cinematic directional lighting, strong focal hierarchy, readable objects, historically plausible 16th-century Venice / Renaissance printing-house detail, not photorealistic, not 3D, no legible readable Arabic paragraph text (stylized Arabic-looking print/calligraphy only, no captions, no labels), 16:9",Explicitly flagged as unconfirmed legend per multiple secondary sources; no primary document found
015,ما هو موثق فعلاً هو أضيق من ذلك بكثير: نعرف أن الطبعة طُبعت... أثرها المادي تلاشى بشكل شبه كامل. أما السبب الدقيق... فهو... غير معروف حتى اليوم,"Reset to the narrow documented facts: printed, then physically vanished, cause unknown.","the Paganini Qur'an as a specific recurring object: a modest quarto-sized Renaissance-bound book, worn brown leather binding, visible sewn spine, dense justified columns of Arabic-looking printed type (not handwriting) with generous margins in the Venetian printing style alone on a bare table in a spotlight of light, surrounded by encroaching darkness on all sides, no other explanatory objects present",the burning imagery repeated; any legend-suggestive prop,"A single spotlight from directly above illuminates the Paganini Qur'an as a specific recurring object: a modest quarto-sized Renaissance-bound book, worn brown leather binding, visible sewn spine, dense justified columns of Arabic-looking printed type (not handwriting) with generous margins in the Venetian printing style resting alone on a bare wooden table in the center of the frame; the surrounding room dissolves into featureless darkness on every side, visually isolating what is known (the object) from what is unknown (its fate). original 2D historical documentary illustration, painterly digital art, restrained muted color palette (ochre, sepia, deep venetian red, aged parchment, dusk blue), cinematic directional lighting, strong focal hierarchy, readable objects, historically plausible 16th-century Venice / Renaissance printing-house detail, not photorealistic, not 3D, no legible readable Arabic paragraph text (stylized Arabic-looking print/calligraphy only, no captions, no labels), 16:9",Editorial synthesis of documented-fact-only claims from sources.txt
016,ربما فشلت الطبعة تجارياً بسبب أخطائها... وربما أُتلفت كميات كبيرة منها لأسباب دينية أو سياسية... وربما ببساطة تبعثرت النسخ القليلة المطبوعة عبر الزمن,"Three competing hypotheses shown as parallel plausible scenes, none privileged as certain.","a triptych-style composition, three smaller vignette scenes side by side: (1) a merchant rejecting the book at a stall, (2) an official confiscating/sealing crates of books, (3) a few scattered single copies fading into different distant libraries",any single scene presented alone as the definitive answer,"Triptych composition divided into three faint vignettes side by side within one frame: left, a merchant pushing away a stack of the Arabic Qur'an at a market stall; center, an official in dark robes sealing wooden crates of books with wax under lantern light; right, a few single books scattered faintly across three distant shadowy library shelves in different cities — each vignette equally weighted, none highlighted as more certain. original 2D historical documentary illustration, painterly digital art, restrained muted color palette (ochre, sepia, deep venetian red, aged parchment, dusk blue), cinematic directional lighting, strong focal hierarchy, readable objects, historically plausible 16th-century Venice / Renaissance printing-house detail, not photorealistic, not 3D, no legible readable Arabic paragraph text (stylized Arabic-looking print/calligraphy only, no captions, no labels), 16:9",Editorial synthesis — commercial failure / suppression / dispersal as unranked hypotheses
017,في القرن الثامن عشر، كتب العالم الإيطالي جيوفاني برناردو دي روسي دراسة كاملة عن هذا القرآن المطبوع... معتمداً على إشارات ومراجع قديمة، لا على نسخة يفحصها بين يديه,"De Rossi writes an 18th-century scholarly dissertation about the edition using only old references, without a physical copy.","an 18th-century scholar at a writing desk surrounded by open reference books and citation slips, writing a manuscript titled with Latin-style text about the Arabic Qur'an, with a conspicuously empty book-shaped space on the shelf beside him",the scholar holding the actual book; generic library scene with no writing evident,"An 18th-century scholar's study: an academic in period dress sits at a writing desk covered with open reference volumes and citation slips, quill in hand, composing a dissertation manuscript; on the shelf directly behind him is a labeled empty gap exactly the width of a missing book, conspicuously bare between other volumes. original 2D historical documentary illustration, painterly digital art, restrained muted color palette (ochre, sepia, deep venetian red, aged parchment, dusk blue), cinematic directional lighting, strong focal hierarchy, readable objects, historically plausible 16th-century Venice / Renaissance printing-house detail, not photorealistic, not 3D, no legible readable Arabic paragraph text (stylized Arabic-looking print/calligraphy only, no captions, no labels), 16:9",Antiquariat INLIBRIS listing of De Rossi's dissertation 'De corano arabico Venetiis Paganini typis impresso'
018,تخيّل الوضع: مؤرخ يكتب بحثاً أكاديمياً كاملاً عن كتاب... بينما لا يستطيع هو نفسه أن يجد نسخة واحدة يمسكها بيده. كتاب موثق في السجلات، غائب تماماً عن الرفوف,"The paradox made explicit: documented in catalogues, physically absent from every shelf.","an open library catalogue/ledger with a clear handwritten entry for the Arabic Qur'an edition, positioned next to a library shelf where that exact space is empty and labeled",generic confused scholar; catalogue and shelf not shown together,"Split composition: on the left, an open bibliographic catalogue ledger lies on a reading stand with a clearly visible handwritten entry naming the Paganini Arabic Qur'an edition; on the right, a tall library shelf where that precise labeled slot sits conspicuously empty between two other bound volumes, dust outline visible. original 2D historical documentary illustration, painterly digital art, restrained muted color palette (ochre, sepia, deep venetian red, aged parchment, dusk blue), cinematic directional lighting, strong focal hierarchy, readable objects, historically plausible 16th-century Venice / Renaissance printing-house detail, not photorealistic, not 3D, no legible readable Arabic paragraph text (stylized Arabic-looking print/calligraphy only, no captions, no labels), 16:9","Editorial visualization of the documented-but-absent paradox, per project brief's explicit example"
019,كل من يبحث في تاريخ الطباعة الأوروبية للعربية يعرف اسم قرآن باغانيني. لكن لا أحد يعرف مكانه... غائب تماماً عن الواقع المادي,"The book becomes an academic legend — cited in footnotes across generations, never seen.","a stack of different-era scholarly books and journal volumes open to pages with footnotes/citations referencing the Paganini Qur'an, arranged to suggest multiple generations of scholarship, no physical Qur'an object present anywhere in frame",the physical Qur'an appearing in this frame (it must NOT appear — this is about its absence),"Overhead flat-lay shot of a scholar's desk covered with several open books and journals from visibly different eras (varying binding styles, aged paper tones), each open to a page with a handwritten or printed footnote citing the Paganini Arabic Qur'an edition, pencils and magnifying glass scattered among them — the physical Qur'an itself is nowhere in the frame, only citations about it. original 2D historical documentary illustration, painterly digital art, restrained muted color palette (ochre, sepia, deep venetian red, aged parchment, dusk blue), cinematic directional lighting, strong focal hierarchy, readable objects, historically plausible 16th-century Venice / Renaissance printing-house detail, not photorealistic, not 3D, no legible readable Arabic paragraph text (stylized Arabic-looking print/calligraphy only, no captions, no labels), 16:9",Editorial synthesis of the edition's status as a repeatedly-cited but unseen book across scholarship
020,مرّ القرن التاسع عشر. ومرّ القرن العشرون... لم يبقَ، على ما يبدو، ولو نسخة واحدة,Time-passage across two centuries with no discovery — the absence stretching further.,"a triple time-lapse composition of the same empty library shelf slot across three visibly different eras of interior decor/lighting (19th century oil lamp, early 20th century electric bulb, mid-20th century fluorescent), same empty gap persisting in all three",unrelated generic historical montage with no consistent shelf anchor,"A triple-panel composition showing the exact same library shelf gap across three time periods within one wide frame, divided by soft light transitions: left lit by a 19th-century oil lamp with a scholar in period coat glancing at the empty slot, center lit by an early-electric bulb with a different scholar in 1900s attire doing the same, right lit by cool mid-20th-century fluorescent light with a modern-dressed librarian — the same empty gap persists unchanged in all three. original 2D historical documentary illustration, painterly digital art, restrained muted color palette (ochre, sepia, deep venetian red, aged parchment, dusk blue), cinematic directional lighting, strong focal hierarchy, readable objects, historically plausible 16th-century Venice / Renaissance printing-house detail, not photorealistic, not 3D, no legible readable Arabic paragraph text (stylized Arabic-looking print/calligraphy only, no captions, no labels), 16:9",Editorial visualization of multi-generational continued absence
021,في كل مرة يُعاد فيها سرد هذه القصة، كانت تُطرح الأسئلة نفسها من دون إجابة: هل أُتلفت النسخ عمداً؟ هل ضاعت مع الزمن؟ هل تحتفظ بها مكتبة ما، غير مصنّفة,"The unanswered questions themselves, visualized as an uncatalogued mystery still latent somewhere.","a vast dim archive/storage room with countless unlabeled crates and unsorted bundles of books stacked to the ceiling, one small lantern illuminating a tiny searched area, vastness of unsearched material implied",a single obviously labeled crate revealing the answer; anything that resolves the mystery here,"Vast dim archival storage room stretching into shadow, floor to ceiling with unlabeled wooden crates and loosely tied bundles of old books and manuscripts; a single archivist holds a small lantern illuminating only a tiny circle at the room's edge, the overwhelming unexplored darkness beyond suggesting how much remains unchecked. original 2D historical documentary illustration, painterly digital art, restrained muted color palette (ochre, sepia, deep venetian red, aged parchment, dusk blue), cinematic directional lighting, strong focal hierarchy, readable objects, historically plausible 16th-century Venice / Renaissance printing-house detail, not photorealistic, not 3D, no legible readable Arabic paragraph text (stylized Arabic-looking print/calligraphy only, no captions, no labels), 16:9",Editorial visualization of the genuinely open questions
022,الإجابة، حين جاءت أخيراً، لم تأتِ من أرشيف عثماني، ولا من مكتبة فاتيكانية، بل من داخل مدينة البندقية نفسها,"The pivot: the answer comes not from Istanbul or the Vatican, but from within Venice itself.","a wide map-like composition showing Istanbul and Vatican/Rome as distant faded/crossed-out points, with a bright highlighted path converging back onto Venice and its lagoon islands",showing the actual discovery moment (saved for later frames); generic map with no highlighted convergence,"A large aged nautical/historical map of the Mediterranean spread on a table: Istanbul and Rome/Vatican are marked with faded, dimmed pin markers, while Venice and its lagoon are marked with a single bright glowing pin, a hand-drawn line trailing back toward one small island in the lagoon, spotlighted. original 2D historical documentary illustration, painterly digital art, restrained muted color palette (ochre, sepia, deep venetian red, aged parchment, dusk blue), cinematic directional lighting, strong focal hierarchy, readable objects, historically plausible 16th-century Venice / Renaissance printing-house detail, not photorealistic, not 3D, no legible readable Arabic paragraph text (stylized Arabic-looking print/calligraphy only, no captions, no labels), 16:9",Editorial transition device based on documented discovery location (Venice lagoon)
023,في جزيرة صغيرة داخل شواطئ البندقية، تُعرف باسم جزيرة سان ميكيله، توجد مكتبة تابعة لرهبان فرنسيسكان,"Establish the specific location: San Michele in Isola, a small Venetian lagoon island with a Franciscan monastic library.","an exterior establishing shot of a walled monastic island in the Venice lagoon with a distinctive church facade and cloister, small boats near the shore, cypress trees",generic mainland church; unrelated Venice canal street scene,"Wide establishing shot of a small walled monastic island in the Venice lagoon at soft morning light: a Renaissance church facade with a bell tower, a cloistered courtyard visible through an archway, cypress trees along the shoreline, a small rowed boat approaching the dock, calm lagoon water reflecting the sky. original 2D historical documentary illustration, painterly digital art, restrained muted color palette (ochre, sepia, deep venetian red, aged parchment, dusk blue), cinematic directional lighting, strong focal hierarchy, readable objects, historically plausible 16th-century Venice / Renaissance printing-house detail, not photorealistic, not 3D, no legible readable Arabic paragraph text (stylized Arabic-looking print/calligraphy only, no captions, no labels), 16:9","Wikipedia San Michele in Isola; Madain Project, Paganini Quran"
024,في عام 1987، كانت الباحثة الإيطالية أنجيلا نوفو تُجري دراسة متخصصة في تاريخ صناعة باغانيني... حين وقعت عيناها... على مجلد عربي قديم,"Introduce Angela Nuovo at work in 1987, mid-research, in the moment just before the discovery.","a late-20th-century female scholar (1980s clothing/hairstyle) inside a monastic library archive, surrounded by open reference books about Paganini's printing career, reaching toward a shelf where the Paganini Qur'an as a specific recurring object: a modest quarto-sized Renaissance-bound book, worn brown leather binding, visible sewn spine, dense justified columns of Arabic-looking printed type (not handwriting) with generous margins in the Venetian printing style sits among other old volumes",anachronistic modern clothing/technology; generic 'woman holding random old book' with no research context established,"Inside a wood-paneled Franciscan monastic library archive, a focused woman scholar in late-1980s attire (blazer, notebook, period eyeglasses) sits at a table covered with open reference volumes on Paganini's printing history; she turns toward a nearby shelf, her hand reaching for the Paganini Qur'an as a specific recurring object: a modest quarto-sized Renaissance-bound book, worn brown leather binding, visible sewn spine, dense justified columns of Arabic-looking printed type (not handwriting) with generous margins in the Venetian printing style nestled among other old bound volumes, afternoon light through a tall arched window. original 2D historical documentary illustration, painterly digital art, restrained muted color palette (ochre, sepia, deep venetian red, aged parchment, dusk blue), cinematic directional lighting, strong focal hierarchy, readable objects, historically plausible 16th-century Venice / Renaissance printing-house detail, not photorealistic, not 3D, no legible readable Arabic paragraph text (stylized Arabic-looking print/calligraphy only, no captions, no labels), 16:9","Madain Project, Paganini Quran; History of Information — Angela Nuovo's 1987 discovery"
025,لم يكن مجرد مخطوطة عربية أخرى... عند فحص الصفحات عن قرب، ظهر أمر لافت: هذا النص لم يكن مكتوباً بخط اليد. كانت حروفه العربية مطبوعة,"The critical visual distinction that triggers recognition: printed type, not handwritten manuscript.","extreme close-up comparison within one frame: the Paganini Qur'an as a specific recurring object: a modest quarto-sized Renaissance-bound book, worn brown leather binding, visible sewn spine, dense justified columns of Arabic-looking printed type (not handwriting) with generous margins in the Venetian printing style's open page showing repeated identical printed letterforms (mechanical uniformity) beside a handwritten Arabic manuscript fragment showing natural handwriting variation, scholar's magnifying glass held between them",no visible comparison; ambiguous text that could be either printed or handwritten,"Extreme close-up under a magnifying glass held by Angela Nuovo: on the Paganini Qur'an as a specific recurring object: a modest quarto-sized Renaissance-bound book, worn brown leather binding, visible sewn spine, dense justified columns of Arabic-looking printed type (not handwriting) with generous margins in the Venetian printing style's open page, rows of Arabic-style type show mechanically identical repeated letterforms with uniform ink density; held just beside it for comparison, a handwritten Arabic manuscript fragment shows organic, varying pen strokes — the contrast between print-uniformity and handwriting-variation is the visual center of the frame. original 2D historical documentary illustration, painterly digital art, restrained muted color palette (ochre, sepia, deep venetian red, aged parchment, dusk blue), cinematic directional lighting, strong focal hierarchy, readable objects, historically plausible 16th-century Venice / Renaissance printing-house detail, not photorealistic, not 3D, no legible readable Arabic paragraph text (stylized Arabic-looking print/calligraphy only, no captions, no labels), 16:9",Madain Project; general typographic distinction between print and manuscript
026,كانت هذه لحظة حاسمة. مخطوطة عربية باليد، أمر مألوف تماماً... أما قرآن كامل، مطبوع بالعربية... فذلك شيء آخر تماماً,The realization moment — Nuovo's face registering the significance of what she is holding.,"a close portrait shot of Angela Nuovo's face lit from below/side by the book itself, eyes wide with realization, the Paganini Qur'an as a specific recurring object: a modest quarto-sized Renaissance-bound book, worn brown leather binding, visible sewn spine, dense justified columns of Arabic-looking printed type (not handwriting) with generous margins in the Venetian printing style held open in her hands filling the lower frame",generic joyful discovery pose unrelated to the specific realization; celebratory crowd,"Close cinematic portrait: Angela Nuovo's face, illuminated by soft light reflecting off the open page, her expression caught in the exact instant of recognition — eyebrows raised, breath held; the Paganini Qur'an as a specific recurring object: a modest quarto-sized Renaissance-bound book, worn brown leather binding, visible sewn spine, dense justified columns of Arabic-looking printed type (not handwriting) with generous margins in the Venetian printing style is held open in her hands filling the lower third of the frame, the monastic library softly blurred behind her. original 2D historical documentary illustration, painterly digital art, restrained muted color palette (ochre, sepia, deep venetian red, aged parchment, dusk blue), cinematic directional lighting, strong focal hierarchy, readable objects, historically plausible 16th-century Venice / Renaissance printing-house detail, not photorealistic, not 3D, no legible readable Arabic paragraph text (stylized Arabic-looking print/calligraphy only, no captions, no labels), 16:9",History of Information; Madain Project — narrative moment of the 1987 discovery
027,بدأت أنجيلا نوفو تفحص الكتاب بدقة أكاديمية صارمة. قارنت شكل الحروف... بما هو معروف عن أعمال مطبعة باغانيني... كل التفاصيل التقنية كانت تتطابق,Verification phase: matching the typography against known Paganini printing-house samples.,"a research table with the Paganini Qur'an as a specific recurring object: a modest quarto-sized Renaissance-bound book, worn brown leather binding, visible sewn spine, dense justified columns of Arabic-looking printed type (not handwriting) with generous margins in the Venetian printing style open beside a separate reference book/print sample known to be from Paganini's workshop, both showing similar typographic style, a checklist or notes page with matching marks",unrelated laboratory science imagery; no comparison materials visible,"Overhead research-table shot: the Paganini Qur'an as a specific recurring object: a modest quarto-sized Renaissance-bound book, worn brown leather binding, visible sewn spine, dense justified columns of Arabic-looking printed type (not handwriting) with generous margins in the Venetian printing style lies open on the left, on the right a separate reference volume with a documented Paganini-workshop printer's mark and typeface sample; Angela Nuovo's hand rests on a notebook page filled with comparative sketches of letterforms and checkmarks, a loupe magnifier resting between the two books. original 2D historical documentary illustration, painterly digital art, restrained muted color palette (ochre, sepia, deep venetian red, aged parchment, dusk blue), cinematic directional lighting, strong focal hierarchy, readable objects, historically plausible 16th-century Venice / Renaissance printing-house detail, not photorealistic, not 3D, no legible readable Arabic paragraph text (stylized Arabic-looking print/calligraphy only, no captions, no labels), 16:9","Angela Nuovo, 'Il Corano arabo ritrovato,' La Bibliofilia 1987"
028,تحمل صفحاتها إشارة ملكية تعود إلى تيزيو أمبروجيو ديلي ألبونيزي... ذكر هذا القرآن المطبوع في أحد كتبه الخاصة عام 1539,"The ownership inscription of Teseo Ambrogio degli Albonesi, linked to his own 1539 published book.","close-up of a handwritten ownership inscription/ex-libris note on the inside cover or flyleaf of the Paganini Qur'an as a specific recurring object: a modest quarto-sized Renaissance-bound book, worn brown leather binding, visible sewn spine, dense justified columns of Arabic-looking printed type (not handwriting) with generous margins in the Venetian printing style, positioned beside a separate printed book cover bearing a Latin title evoking Albonesi's 1539 linguistic work",an unrelated generic bookplate; no connection shown to the 1539 book,"Close-up of the flyleaf inside the Paganini Qur'an as a specific recurring object: a modest quarto-sized Renaissance-bound book, worn brown leather binding, visible sewn spine, dense justified columns of Arabic-looking printed type (not handwriting) with generous margins in the Venetian printing style's cover: a faded handwritten ownership inscription in period script is visible in the corner; placed beside it on the table is a separate printed volume with an ornate Latin title page evoking a 1539 linguistic treatise, visually linking the two as belonging to the same historical owner, warm archival light. original 2D historical documentary illustration, painterly digital art, restrained muted color palette (ochre, sepia, deep venetian red, aged parchment, dusk blue), cinematic directional lighting, strong focal hierarchy, readable objects, historically plausible 16th-century Venice / Renaissance printing-house detail, not photorealistic, not 3D, no legible readable Arabic paragraph text (stylized Arabic-looking print/calligraphy only, no captions, no labels), 16:9","Madain Project, Paganini Quran — Teseo Ambrogio degli Albonesi provenance"
029,تحمل النسخة أيضاً ختماً يعود إلى نائب محكمة التفتيش الكنسية في مدينة كريمونا... هل مرّ هذا الكتاب بمراحل رقابة دينية,The Inquisition stamp as physical evidence of the book's passage through ecclesiastical scrutiny — presented as an open question.,"close-up of an official wax or ink stamp mark on a page of the Paganini Qur'an as a specific recurring object: a modest quarto-sized Renaissance-bound book, worn brown leather binding, visible sewn spine, dense justified columns of Arabic-looking printed type (not handwriting) with generous margins in the Venetian printing style, rendered as a distinct ecclesiastical seal shape, a question-suggesting empty space beside it rather than an explanatory caption",explanatory text/caption revealing what the stamp means; overly ornate fictional inquisition imagery,"Extreme close-up on a page corner of the Paganini Qur'an as a specific recurring object: a modest quarto-sized Renaissance-bound book, worn brown leather binding, visible sewn spine, dense justified columns of Arabic-looking printed type (not handwriting) with generous margins in the Venetian printing style: a dark official ink stamp bearing a simple ecclesiastical seal design is pressed into the paper, slightly smudged with age; the surrounding page is otherwise blank, the camera holding on the stamp long enough to suggest it as an unresolved clue rather than an explained fact. original 2D historical documentary illustration, painterly digital art, restrained muted color palette (ochre, sepia, deep venetian red, aged parchment, dusk blue), cinematic directional lighting, strong focal hierarchy, readable objects, historically plausible 16th-century Venice / Renaissance printing-house detail, not photorealistic, not 3D, no legible readable Arabic paragraph text (stylized Arabic-looking print/calligraphy only, no captions, no labels), 16:9","Madain Project, Paganini Quran — Arcangelo Mancasula, Vicar of the Holy Office of Cremona"
030,نشرت أنجيلا نوفو نتائج بحثها... بعنوان 'القرآن العربي المستعاد'... انتشر بسرعة في الأوساط الأكاديمية... وتُرجم إلى لغات عدة، من بينها العربية,Publication and international spread of the discovery through academic journals and translations.,"a printed academic journal cover/article spread out on a desk with the discovery photograph of the book, surrounded by several translated editions/offprints in different scripts (Latin, English-looking, Arabic-looking) fanned out",social-media-style modern imagery; anachronistic devices,"Overhead flat-lay on a wooden desk: an open academic journal article with a photograph of the rediscovered Qur'an printed on its page, surrounded by several fanned-out translated offprints and reprints in visibly different scripts and typefaces (Latin, English-style, Arabic-style), a rotary telephone and a cup of coffee at the edge signaling the late-1980s period. original 2D historical documentary illustration, painterly digital art, restrained muted color palette (ochre, sepia, deep venetian red, aged parchment, dusk blue), cinematic directional lighting, strong focal hierarchy, readable objects, historically plausible 16th-century Venice / Renaissance printing-house detail, not photorealistic, not 3D, no legible readable Arabic paragraph text (stylized Arabic-looking print/calligraphy only, no captions, no labels), 16:9","Angela Nuovo, 'Il Corano arabo ritrovato' (1987); 'A Lost Arabic Koran Rediscovered,' The Library (1990)"
031,لماذا كانت هذه اللحظة بهذه الأهمية العلمية الكبرى؟ لأنها كانت الدليل المادي الوحيد على أن مشروع طباعة القرآن... حقيقة تاريخية يمكن لمسها,The significance stated plainly: the sole physical proof turning a rumored project into touchable history.,"a reverent close shot of scholarly hands gently holding the Paganini Qur'an as a specific recurring object: a modest quarto-sized Renaissance-bound book, worn brown leather binding, visible sewn spine, dense justified columns of Arabic-looking printed type (not handwriting) with generous margins in the Venetian printing style up to the light, as the single tangible proof, no other explanatory objects needed",crowded busy scene diluting the focus; unrelated ceremonial imagery,"A quiet, reverent close shot: two scholarly hands gently hold the Paganini Qur'an as a specific recurring object: a modest quarto-sized Renaissance-bound book, worn brown leather binding, visible sewn spine, dense justified columns of Arabic-looking printed type (not handwriting) with generous margins in the Venetian printing style open toward soft window light, turning one page slowly, the object treated with visible care as a singular, irreplaceable physical proof, shallow depth of field isolating the book against a softly blurred archive background. original 2D historical documentary illustration, painterly digital art, restrained muted color palette (ochre, sepia, deep venetian red, aged parchment, dusk blue), cinematic directional lighting, strong focal hierarchy, readable objects, historically plausible 16th-century Venice / Renaissance printing-house detail, not photorealistic, not 3D, no legible readable Arabic paragraph text (stylized Arabic-looking print/calligraphy only, no captions, no labels), 16:9","Institute for Advanced Study, R. Tottoli, on the significance of Qur'an printing/editing history"
032,تمكّن الباحثون أخيراً من دراسة التفاصيل التقنية الدقيقة لطريقة تعامل الطابعين الأوروبيين مع تحدي الحرف العربي المتصل: كيف صمموا القوالب... وأين بالضبط وقعت الأخطاء,Scholars now able to study the actual printing technique in detail using the recovered physical evidence.,"a modern research setup: the Paganini Qur'an as a specific recurring object: a modest quarto-sized Renaissance-bound book, worn brown leather binding, visible sewn spine, dense justified columns of Arabic-looking printed type (not handwriting) with generous margins in the Venetian printing style open under strong desk lighting with a scholar using a loupe, alongside diagrams/sketches the scholar is drawing of the individual metal type letterforms observed on the page",unrelated computer/digital screen imagery inconsistent with period research style; no visible connection between book and sketches,"Close research-desk shot: the Paganini Qur'an as a specific recurring object: a modest quarto-sized Renaissance-bound book, worn brown leather binding, visible sewn spine, dense justified columns of Arabic-looking printed type (not handwriting) with generous margins in the Venetian printing style lies open under a strong adjustable desk lamp, a scholar's hand holds a loupe over one printed line while the other hand sketches individual Arabic letterform shapes onto a notebook page beside it, annotated with small comparative marks — the physical study process made visible. original 2D historical documentary illustration, painterly digital art, restrained muted color palette (ochre, sepia, deep venetian red, aged parchment, dusk blue), cinematic directional lighting, strong focal hierarchy, readable objects, historically plausible 16th-century Venice / Renaissance printing-house detail, not photorealistic, not 3D, no legible readable Arabic paragraph text (stylized Arabic-looking print/calligraphy only, no captions, no labels), 16:9",Angela Nuovo scholarship; American Printing History Association on Arabic type technique
033,فتحت هذه النسخة نافذة نادرة على العلاقة المعقدة بين أوروبا الطباعة الناشئة والعالم الإسلامي في عصر النهضة... تضمنت أيضاً محاولات تجارية وثقافية,"Broader significance: a rare window onto Renaissance European-Islamic commercial/cultural connection, not only conflict.","a symbolic composition placing the Paganini Qur'an as a specific recurring object: a modest quarto-sized Renaissance-bound book, worn brown leather binding, visible sewn spine, dense justified columns of Arabic-looking printed type (not handwriting) with generous margins in the Venetian printing style at the center with, radiating outward, small vignettes suggesting connection: a Venetian merchant ship, an Ottoman trade caravan/market, a European scholar's desk — connected by faint trade-route lines, not weapons or battle imagery",battle/war imagery; any violent conflict symbolism,"Symbolic wide composition: the Paganini Qur'an as a specific recurring object: a modest quarto-sized Renaissance-bound book, worn brown leather binding, visible sewn spine, dense justified columns of Arabic-looking printed type (not handwriting) with generous margins in the Venetian printing style rests open at the center of the frame, and faint golden trade-route lines radiate outward to three small vignettes at the frame's edges — a Venetian merchant ship under sail, a bustling Ottoman market street, and a European scholar's book-lined study — visually presenting connection and exchange rather than conflict. original 2D historical documentary illustration, painterly digital art, restrained muted color palette (ochre, sepia, deep venetian red, aged parchment, dusk blue), cinematic directional lighting, strong focal hierarchy, readable objects, historically plausible 16th-century Venice / Renaissance printing-house detail, not photorealistic, not 3D, no legible readable Arabic paragraph text (stylized Arabic-looking print/calligraphy only, no captions, no labels), 16:9",Editorial synthesis of scholarly significance re: European-Islamic exchange
034,واليوم، تُحفظ هذه النسخة الوحيدة الباقية من قرآن باغانيني في مكتبة الرهبان الفرنسيسكان بجزيرة سان ميكيله في البندقية,"Present-day resting place of the surviving copy — the island library, now.","a modern-day interior view of the same Franciscan monastic library on San Michele, the Paganini Qur'an as a specific recurring object: a modest quarto-sized Renaissance-bound book, worn brown leather binding, visible sewn spine, dense justified columns of Arabic-looking printed type (not handwriting) with generous margins in the Venetian printing style resting in a protective archival box or case on a shelf, contemporary museum-quality lighting/humidity control visible",the discovery-era 1980s version repeated; unrelated generic museum vitrine with a different object,"Present-day interior of the Franciscan monastic library on San Michele in Isola: the Paganini Qur'an as a specific recurring object: a modest quarto-sized Renaissance-bound book, worn brown leather binding, visible sewn spine, dense justified columns of Arabic-looking printed type (not handwriting) with generous margins in the Venetian printing style rests carefully inside an open protective archival clamshell box on a climate-controlled shelf, a small discreet modern museum light fixture and humidity gauge visible nearby, tall arched windows showing the Venice lagoon outside. original 2D historical documentary illustration, painterly digital art, restrained muted color palette (ochre, sepia, deep venetian red, aged parchment, dusk blue), cinematic directional lighting, strong focal hierarchy, readable objects, historically plausible 16th-century Venice / Renaissance printing-house detail, not photorealistic, not 3D, no legible readable Arabic paragraph text (stylized Arabic-looking print/calligraphy only, no captions, no labels), 16:9","Madain Project, Paganini Quran — present location of the surviving copy"
035,العثور على نسخة واحدة لم يحل اللغز الأصلي. هذه النسخة تثبت أن الطبعة طُبعت فعلاً... لكنها لا تخبرنا شيئاً مؤكداً عن مصير باقي النسخ,The critical caveat: one surviving copy proves the edition existed but explains nothing about the rest.,"the Paganini Qur'an as a specific recurring object: a modest quarto-sized Renaissance-bound book, worn brown leather binding, visible sewn spine, dense justified columns of Arabic-looking printed type (not handwriting) with generous margins in the Venetian printing style illuminated at center, but the frame around it is filled with many faint, translucent ghost-outlines of identical books scattered into darkness at the edges, unaccounted for",implying the mystery is now solved; a tidy resolved-looking composition,"the Paganini Qur'an as a specific recurring object: a modest quarto-sized Renaissance-bound book, worn brown leather binding, visible sewn spine, dense justified columns of Arabic-looking printed type (not handwriting) with generous margins in the Venetian printing style sits solidly lit at the center of the frame, fully rendered in detail; radiating outward into the surrounding darkness are numerous faint, translucent, ghost-like outlines of identical books scattered and fading into black at the frame's edges, visually representing the many copies whose fate remains completely unknown. original 2D historical documentary illustration, painterly digital art, restrained muted color palette (ochre, sepia, deep venetian red, aged parchment, dusk blue), cinematic directional lighting, strong focal hierarchy, readable objects, historically plausible 16th-century Venice / Renaissance printing-house detail, not photorealistic, not 3D, no legible readable Arabic paragraph text (stylized Arabic-looking print/calligraphy only, no captions, no labels), 16:9","Editorial framing of the central unresolved caveat, per project brief"
036,هل أُتلفت عمداً؟ هل تبعثرت في مكتبات لا تزال غير مكتشفة حتى الآن؟ هل اختفت ببساطة مع مرور الزمن؟ العلماء اليوم أكثر حذراً من أي وقت مضى في الجزم بإجابة واحدة,Restating the open questions with scholarly caution — no single answer favored.,"a scholar at a desk with several handwritten hypothesis notes pinned up on a board in front of them (each a different unlabeled sketch/scene, not text), the scholar's posture thoughtful and undecided rather than concluding",a triumphant 'solved' posture; a single note visually favored over the others,"A modern scholar sits at a desk facing a corkboard pinned with several small sketch-cards, each showing a different unlabeled miniature scene (a burning shape, a scattering of dots across a map, a fading book outline), connected by loose string with no single card circled or highlighted; the scholar leans back, pen resting on the desk, expression thoughtful and unresolved. original 2D historical documentary illustration, painterly digital art, restrained muted color palette (ochre, sepia, deep venetian red, aged parchment, dusk blue), cinematic directional lighting, strong focal hierarchy, readable objects, historically plausible 16th-century Venice / Renaissance printing-house detail, not photorealistic, not 3D, no legible readable Arabic paragraph text (stylized Arabic-looking print/calligraphy only, no captions, no labels), 16:9",Editorial visualization of continued scholarly uncertainty
037,قصة قرآن باغانيني ليست قصة عن إجابة نهائية... إنها قصة عن السؤال نفسه... إلى أن عثر عليه أحدهم أخيراً، بالصدفة العلمية المنضبطة، على رف مكتبة نائية,Thematic statement: this is a story about a persisting question passed across generations of scholars.,"a symbolic relay-like composition showing faint overlapping translucent silhouettes of scholars from different eras (18th, 19th, 20th century dress) all reaching toward the same shelf gap in sequence, culminating in the 1987 figure",confusing crowd of unrelated figures; no visual sense of sequence/relay across time,"Symbolic layered composition: translucent overlapping silhouettes of scholars in distinct period dress (18th-century coat, 19th-century waistcoat, 20th-century blazer) are arranged in a soft diagonal sequence, each reaching toward the same empty shelf gap, culminating with the solid, fully-lit figure of Angela Nuovo at the front finally touching the shelf. original 2D historical documentary illustration, painterly digital art, restrained muted color palette (ochre, sepia, deep venetian red, aged parchment, dusk blue), cinematic directional lighting, strong focal hierarchy, readable objects, historically plausible 16th-century Venice / Renaissance printing-house detail, not photorealistic, not 3D, no legible readable Arabic paragraph text (stylized Arabic-looking print/calligraphy only, no captions, no labels), 16:9",Editorial synthesis — De Rossi through to Nuovo as sequence of inquiry
038,أن التاريخ لا يُحفظ فقط في الكتب التي بقيت، بل أيضاً في فجوات الكتب التي غابت. وأن كل فجوة من هذا النوع تحمل احتمال أن تُملأ يوماً ما,"Reflective closing idea: history lives in the gaps of missing books too, gaps that might still be filled.","a wide library shelf shot where most books are intact and lit, but several gaps between them glow faintly as if holding potential, one gap slightly brighter suggesting future discovery",a fully resolved shelf with no gaps; overly literal glowing magic effect,"Wide shot along a long, dimly lit library shelf: most volumes stand intact, their spines softly lit; interspersed among them are several narrow empty gaps, each catching a faint warm glow as if holding unrealized potential, one gap near the center glowing very slightly brighter than the rest, suggesting quiet possibility rather than magic. original 2D historical documentary illustration, painterly digital art, restrained muted color palette (ochre, sepia, deep venetian red, aged parchment, dusk blue), cinematic directional lighting, strong focal hierarchy, readable objects, historically plausible 16th-century Venice / Renaissance printing-house detail, not photorealistic, not 3D, no legible readable Arabic paragraph text (stylized Arabic-looking print/calligraphy only, no captions, no labels), 16:9","Editorial closing reflection, per project brief's requested ending tone"
039,لا تزال أسئلة أساسية بلا إجابة كاملة: لماذا فشل هذا المشروع؟ وأين اختفت بقية النسخ؟ يبقى الجواب الكامل بعيد المنال,Direct restatement of the two unresolved central questions as the film nears its end.,"the Paganini Qur'an as a specific recurring object: a modest quarto-sized Renaissance-bound book, worn brown leather binding, visible sewn spine, dense justified columns of Arabic-looking printed type (not handwriting) with generous margins in the Venetian printing style placed on an old wooden windowsill at dusk in Venice, looking out over the lagoon toward the horizon, the open sea/sky suggesting unanswered distance",a definitive answer imagery; overly conclusive visual language,"the Paganini Qur'an as a specific recurring object: a modest quarto-sized Renaissance-bound book, worn brown leather binding, visible sewn spine, dense justified columns of Arabic-looking printed type (not handwriting) with generous margins in the Venetian printing style rests closed on an old wooden windowsill inside the Franciscan library on San Michele, lit by the last warm light of dusk; through the window behind it, the vast Venice lagoon stretches toward a hazy horizon where sky and water blur together, visually suggesting an answer still out of reach. original 2D historical documentary illustration, painterly digital art, restrained muted color palette (ochre, sepia, deep venetian red, aged parchment, dusk blue), cinematic directional lighting, strong focal hierarchy, readable objects, historically plausible 16th-century Venice / Renaissance printing-house detail, not photorealistic, not 3D, no legible readable Arabic paragraph text (stylized Arabic-looking print/calligraphy only, no captions, no labels), 16:9",Editorial closing restatement of the two documented open questions
040,عاد الكتاب. لكن التفسير الكامل لمصيره لم يعد بعد. وربما، في هذه اللحظة بالذات، توجد نسخة أخرى، منسية على رف ما، تنتظر,"Final image: the book has returned, but a second copy may still be waiting, unnoticed, on some other shelf.","the Paganini Qur'an as a specific recurring object: a modest quarto-sized Renaissance-bound book, worn brown leather binding, visible sewn spine, dense justified columns of Arabic-looking printed type (not handwriting) with generous margins in the Venetian printing style in soft final light in the foreground, and in the background, softly out of focus, another distant anonymous library shelf somewhere else implying a second copy could still be waiting undiscovered",a neatly tied-up 'the end' composition with no sense of ongoing possibility; unrelated new object,"Final composition: the Paganini Qur'an as a specific recurring object: a modest quarto-sized Renaissance-bound book, worn brown leather binding, visible sewn spine, dense justified columns of Arabic-looking printed type (not handwriting) with generous margins in the Venetian printing style rests in soft golden light in the foreground, sharply in focus, closed and at peace; deep in the background, softly out of focus, a completely different, dusty, anonymous library shelf in a different setting is barely visible in shadow, leaving a quiet open sense that another copy could still be waiting somewhere, unnoticed. original 2D historical documentary illustration, painterly digital art, restrained muted color palette (ochre, sepia, deep venetian red, aged parchment, dusk blue), cinematic directional lighting, strong focal hierarchy, readable objects, historically plausible 16th-century Venice / Renaissance printing-house detail, not photorealistic, not 3D, no legible readable Arabic paragraph text (stylized Arabic-looking print/calligraphy only, no captions, no labels), 16:9",Editorial closing image reflecting the brief's required unresolved ending
